{
  "model_type": "knn",
  "n_samples": 1570,
  "n_classes": 7,
  "classes": [
    "A",
    "B",
    "F",
    "G",
    "K",
    "M",
    "O"
  ],
  "test_size": 0.2,
  "timestamp": "2026-04-19T18:55:50.914867",
  "accuracy_test": 0.8057324840764332,
  "accuracy_cv_mean": 0.7898089171974523,
  "accuracy_cv_std": 0.028909059153911416,
  "n_neighbors": 3,
  "weights": "distance",
  "metric": "euclidean",
  "per_class_metrics": {
    "O": {
      "precision": 0.8929,
      "recall": 1.0,
      "f1": 0.9434,
      "support": 25
    },
    "B": {
      "precision": 0.88,
      "recall": 0.88,
      "f1": 0.88,
      "support": 25
    },
    "A": {
      "precision": 0.7857,
      "recall": 0.7097,
      "f1": 0.7458,
      "support": 31
    },
    "F": {
      "precision": 0.7625,
      "recall": 0.8356,
      "f1": 0.7974,
      "support": 73
    },
    "G": {
      "precision": 0.7595,
      "recall": 0.75,
      "f1": 0.7547,
      "support": 80
    },
    "K": {
      "precision": 0.8636,
      "recall": 0.6909,
      "f1": 0.7677,
      "support": 55
    },
    "M": {
      "precision": 0.8333,
      "recall": 1.0,
      "f1": 0.9091,
      "support": 25
    }
  },
  "training_time_seconds": 143.625346660614
}