{
  "model_type": "knn",
  "n_samples": 861,
  "n_classes": 6,
  "classes": [
    "A",
    "B",
    "F",
    "K",
    "M",
    "O"
  ],
  "test_size": 0.2,
  "timestamp": "2026-03-23T10:50:11.838414",
  "accuracy_test": 0.884393063583815,
  "accuracy_cv_mean": 0.8780548460814626,
  "accuracy_cv_std": 0.020761366924566253,
  "n_neighbors": 3,
  "weights": "uniform",
  "metric": "euclidean",
  "training_time_seconds": 111.05176782608032
}