{
  "model_type": "knn",
  "n_samples": 861,
  "n_classes": 6,
  "classes": [
    "A",
    "B",
    "F",
    "K",
    "M",
    "O"
  ],
  "test_size": 0.2,
  "timestamp": "2026-04-13T16:34:07.827157",
  "accuracy_test": 0.8728323699421965,
  "accuracy_cv_mean": 0.8710982658959537,
  "accuracy_cv_std": 0.021124335373099566,
  "n_neighbors": 9,
  "weights": "distance",
  "metric": "cosine",
  "training_time_seconds": 210.64152932167053
}