{
  "model_type": "knn",
  "n_samples": 1350,
  "n_classes": 7,
  "classes": [
    "A",
    "B",
    "F",
    "G",
    "K",
    "M",
    "O"
  ],
  "test_size": 0.2,
  "timestamp": "2026-04-12T17:52:08.756013",
  "accuracy_test": 0.825925925925926,
  "accuracy_cv_mean": 0.7837037037037037,
  "accuracy_cv_std": 0.02452288201073607,
  "n_neighbors": 7,
  "weights": "distance",
  "metric": "cosine",
  "training_time_seconds": 177.39597845077515
}